<?xml version="1.0" encoding="UTF-8"?>
<project-private xmlns="http://www.netbeans.org/ns/project-private/1">
    <editor-bookmarks xmlns="http://www.netbeans.org/ns/editor-bookmarks/1"/>
    <open-files xmlns="http://www.netbeans.org/ns/projectui-open-files/1">
        <file>file:/D:/Jplay/Projetos%20NetBeans/Cenario_Ex2/src/cenario_ex2/Player.java</file>
        <file>file:/D:/Jplay/Projetos%20NetBeans/Cenario_Ex2/src/cenario_ex2/Constante.java</file>
        <file>file:/D:/Jplay/Projetos%20NetBeans/Cenario_Ex2/src/cenario_ex2/Main.java</file>
        <file>file:/D:/Jplay/Projetos%20NetBeans/Cenario_Ex2/src/cenario_ex2/Cenario.java</file>
    </open-files>
</project-private>
